category,question,answer,source
admissions,What are the admission requirements for Lambton College?,"Admission requirements vary by program. Generally, you need a high school diploma or equivalent, English language proficiency, and specific program prerequisites. International students must meet additional requirements including valid study permits.",https://www.lambtoncollege.ca/admissions
admissions,When are the application deadlines for Lambton College?,"Application deadlines typically vary by program. Fall intake deadline is usually in June, and Winter intake deadline is in October. Check specific program pages for exact dates as some programs have different deadlines.",https://www.lambtoncollege.ca/apply
admissions,Can international students apply to Lambton College?,"Yes, Lambton College welcomes international students from around the world. You will need a valid study permit, proof of English proficiency, and adequate financial support. Visit the International Students page for detailed requirements.",https://www.lambtoncollege.ca/international
admissions,How do I apply to Lambton College?,"You can apply online through the college website at www.lambtoncollege.ca. Create an account, complete the application form, upload required documents, and submit your application. You will receive a student ID number for tracking.",https://www.lambtoncollege.ca/apply
programs,What programs does Lambton College offer?,"Lambton College offers a wide range of postgraduate certificates, diplomas, and degree programs in fields including Business, Technology, Health Sciences, Engineering, Hospitality, Media, and many others.",https://www.lambtoncollege.ca/programs
programs,How long are the programs at Lambton College?,"Program lengths vary. Most diploma programs are 2 years, postgraduate certificates are 1 year, and degree programs are 3-4 years. Some specialized programs may have different durations.",https://www.lambtoncollege.ca/programs
programs,Does Lambton College offer online programs?,"Yes, Lambton College offers both in-person and online/distance learning options for select programs. Check the program details page to see which delivery method is available for your chosen program.",https://www.lambtoncollege.ca/programs
campus_facilities,When are the college libraries open?,"The main library at Lambton College is typically open from 8:00 AM to 8:00 PM on weekdays and 10:00 AM to 5:00 PM on weekends. Hours may vary during holidays and semester breaks.",https://www.lambtoncollege.ca/campus
campus_facilities,What facilities are available at Lambton College?,"Lambton College features modern facilities including libraries, computer labs, fitness centers, student lounges, cafeterias, bookstores, and specialized learning spaces like maker labs and collaboration areas.",https://www.lambtoncollege.ca/campus
campus_facilities,Does Lambton College have residence facilities?,"Yes, Lambton College offers on-campus and nearby off-campus residence options for domestic and international students. Residence is available on a first-come, first-served basis. Apply early for the best availability.",https://www.lambtoncollege.ca/residence
campus_facilities,Is there parking available at Lambton College?,"Yes, the college provides parking facilities for students. Parking permits are required and can be obtained from the Student Services office. Rates vary for full-time and part-time students.",https://www.lambtoncollege.ca/campus
tuition_and_financial_aid,What is the tuition cost at Lambton College?,"Tuition fees vary by program and study level. Domestic students pay approximately $3,500-$4,500 per semester for diploma programs. International students pay approximately $8,000-$12,000 per semester. Check your specific program for exact costs.",https://www.lambtoncollege.ca/tuition
tuition_and_financial_aid,What financial aid options are available?,"Lambton College students can access OSAP (Ontario Student Assistance Program), scholarships, bursaries, student loans, and work-study programs. Visit the Financial Aid office for information on eligibility and applications.",https://www.lambtoncollege.ca/financial-aid
tuition_and_financial_aid,Are there scholarships available for Lambton College students?,"Yes, Lambton College offers various scholarships and bursaries based on academic excellence, financial need, and specific criteria. Scholarship amounts range from $500 to $5,000. Applications are typically due in spring.",https://www.lambtoncollege.ca/scholarships
tuition_and_financial_aid,What additional costs should I budget for?,"Beyond tuition, budget for textbooks ($800-$1,500 per semester), technology fees ($50-$200), supplies, residence (if applicable), and meals. Some programs have additional costs for specialized materials or field trips.",https://www.lambtoncollege.ca/tuition
student_services,What support services does Lambton College offer?,"Lambton College provides academic advising, counseling services, disability support, career services, health services, and mental wellness programs. Most services are available to all students at no additional cost.",https://www.lambtoncollege.ca/student-services
student_services,How do I access academic advising at Lambton College?,"Academic advisors are available to help with course selection, program planning, and academic concerns. Book an appointment through the Student Services office or walk-in during designated office hours.",https://www.lambtoncollege.ca/academic-advising
student_services,Does Lambton College have mental health support?,"Yes, the college offers counseling services, peer support programs, and mental wellness workshops. All students can access confidential counseling services through the health center.",https://www.lambtoncollege.ca/counseling
student_services,What accessibility services are available?,"Lambton College is committed to accessibility. Services include note-taking support, exam accommodations, assistive technology, and accessible facilities. Register with Accessibility Services at the beginning of your program.",https://www.lambtoncollege.ca/accessibility
academic_calendar,When does the academic year start at Lambton College?,"The academic year typically begins in September (Fall semester) and January (Winter semester). Some programs may have summer intake options. Check the official academic calendar for exact dates.",https://www.lambtoncollege.ca/academic-calendar
academic_calendar,When is the application deadline?,"Fall intake deadline is usually June 1st, and Winter intake deadline is usually October 1st. Early applications are recommended as spaces fill quickly in popular programs.",https://www.lambtoncollege.ca/apply
academic_calendar,How long are the semesters?,"Each semester typically runs for 15 weeks of instruction, followed by a mid-semester break. Exam periods usually occur after the completion of coursework in each semester.",https://www.lambtoncollege.ca/academic-calendar
career_services,Does Lambton College help with job placement?,"Yes, the Career Services office offers job search assistance, resume writing workshops, interview preparation, and facilitates connections with employers. Many programs include co-op or internship components.",https://www.lambtoncollege.ca/career-services
career_services,What is the co-op program at Lambton College?,"The Co-op program allows students to gain practical work experience in their field of study. Students alternate between classroom learning and paid work terms. Not all programs offer co-op opportunities.",https://www.lambtoncollege.ca/co-op
career_services,Does Lambton College have employer partnerships?,"Yes, Lambton College has established partnerships with over 500 employers across various industries, providing internship opportunities, guest lectures, and networking events.",https://www.lambtoncollege.ca/career-services
student_life,What student clubs and organizations are available?,"Lambton College has over 50 student clubs covering arts, culture, sports, academics, and professional development. New clubs can be founded by interested students with support from Student Life.",https://www.lambtoncollege.ca/student-life
student_life,Are there sports and recreation facilities?,"Yes, Lambton College features modern fitness centers, sports courts, and recreation areas. Students can join intramural sports teams and the college competes in provincial sports leagues.",https://www.lambtoncollege.ca/recreation
student_life,What events happen on campus?,"Lambton College hosts orientation week, guest lectures, cultural events, sports competitions, career fairs, and social activities throughout the semester. Check the events calendar on the college website.",https://www.lambtoncollege.ca/events
contact_and_locations,What is the main campus address for Lambton College?,"Lambton College's main campus is located in Sarnia, Ontario, Canada. Additional satellite campuses are available. For specific building locations, visit www.lambtoncollege.ca/locations",https://www.lambtoncollege.ca/contact
contact_and_locations,How do I contact Lambton College?,"You can reach Lambton College by phone at 1-519-542-7751, email at info@lambtoncollege.ca, or visit the campus in person. Response times for email inquiries are typically 1-2 business days.",https://www.lambtoncollege.ca/contact
